0,0.000000,nan,nan,1.000000
5,0.946556,1.028775,1.000000,1.000000
10,1.257623,0.964982,1.000000,1.000000
15,1.133750,0.959318,1.000000,1.000000
20,1.027387,1.016845,1.000000,1.000000
25,1.097099,0.982569,1.000000,1.000000
30,1.062328,0.996709,1.000000,1.000000
35,0.919458,1.024025,1.000000,1.000000
40,1.001933,0.985218,1.000000,1.000000
45,0.985892,0.996412,1.000000,1.000000
50,0.938227,0.994611,1.000000,1.000000
55,1.010344,0.994848,1.000000,1.000000
60,0.989534,0.985398,1.000000,1.000000
65,1.066071,1.011362,1.000000,1.000000
70,1.029149,0.974292,1.000000,1.000000
75,1.041565,1.000384,1.000000,1.000000
80,1.033134,1.001724,1.000000,1.000000
85,0.947932,1.007983,1.000000,1.000000
90,0.987847,1.026987,1.000000,1.000000
95,1.022630,0.988928,1.000000,1.000000
100,1.011622,0.999838,1.000000,1.000000
105,0.946897,1.006893,1.000000,1.000000
110,1.003863,0.989554,1.000000,1.000000
115,0.901856,1.011347,1.000000,1.000000
120,0.988908,0.991335,1.000000,1.000000
125,1.040379,1.001838,1.000000,1.000000
130,1.043444,1.012799,1.000000,1.000000
135,0.963506,0.996485,1.000000,1.000000
140,0.971057,1.012352,1.000000,1.000000
145,1.020006,1.000534,1.000000,1.000000
150,0.997363,0.980704,1.000000,1.000000
155,1.010593,1.000187,1.000000,1.000000
160,0.986621,0.990350,1.000000,1.000000
165,0.927213,1.003179,1.000000,1.000000
170,0.993695,1.005357,1.000000,1.000000
175,0.924591,0.995445,1.000000,1.000000
180,1.048691,1.018603,1.000000,1.000000
185,0.993779,0.992609,1.000000,1.000000
190,0.954561,1.000510,1.000000,1.000000
195,0.980604,0.984912,1.000000,1.000000
200,1.076211,1.004285,1.000000,1.000000
205,0.999663,1.004674,1.000000,1.000000
210,1.027840,1.007273,1.000000,1.000000
215,0.926134,0.991720,1.000000,1.000000
220,0.954430,0.992150,1.000000,1.000000
225,0.933481,0.998950,1.000000,1.000000
230,1.030353,0.989082,1.000000,1.000000
235,0.966074,1.008505,1.000000,1.000000
240,1.042526,0.991957,1.000000,1.000000
245,1.011472,0.996809,1.000000,1.000000
250,0.995737,0.992435,1.000000,1.000000
255,1.035556,1.009305,1.000000,1.000000
260,1.030674,0.997236,1.000000,1.000000
265,1.042214,1.002268,1.000000,1.000000
270,1.005842,1.002619,1.000000,1.000000
275,1.021991,0.998918,1.000000,1.000000
280,0.986314,0.996825,1.000000,1.000000
285,1.049656,1.012948,1.000000,1.000000
290,1.027076,1.006235,1.000000,1.000000
295,1.021212,1.000798,1.000000,1.000000
300,1.074886,1.014301,1.000000,1.000000
305,1.001522,1.010649,1.000000,1.000000
310,0.999070,0.998551,1.000000,1.000000
315,1.019188,0.993743,1.000000,1.000000
320,0.992004,0.998281,1.000000,1.000000
325,1.042172,1.002499,1.000000,1.000000
330,0.999589,0.998585,1.000000,1.000000
335,1.010722,1.002709,1.000000,1.000000
340,0.996677,0.996286,1.000000,1.000000
345,1.014345,0.998096,1.000000,1.000000
350,0.935092,0.996021,1.000000,1.000000
355,0.971953,1.006754,1.000000,1.000000
360,0.961673,0.994953,1.000000,1.000000
365,0.978886,1.009409,1.000000,1.000000
370,0.955563,0.992177,1.000000,1.000000
375,1.012922,1.009884,1.000000,1.000000
380,1.075719,1.002377,1.000000,1.000000
385,1.034563,1.009702,1.000000,1.000000
390,1.009085,1.008272,1.000000,1.000000
395,1.000967,0.992022,1.000000,1.000000
400,0.985325,1.001056,1.000000,1.000000
405,0.944780,1.002678,1.000000,1.000000
410,1.009525,1.000887,1.000000,1.000000
415,0.986573,0.995112,1.000000,1.000000
420,1.016787,1.003309,1.000000,1.000000
425,1.025114,1.016427,1.000000,1.000000
430,1.002171,1.002476,1.000000,1.000000
435,1.016219,0.989350,1.000000,1.000000
440,0.985855,1.008409,1.000000,1.000000
445,0.988026,0.983043,1.000000,1.000000
450,1.012449,1.003662,1.000000,1.000000
455,0.996906,1.001764,1.000000,1.000000
460,0.980431,0.999802,1.000000,1.000000
465,0.983832,1.004213,1.000000,1.000000
470,1.000148,0.999272,1.000000,1.000000
475,0.965605,0.993375,1.000000,1.000000
480,0.996211,0.993542,1.000000,1.000000
485,1.002709,0.990829,1.000000,1.000000
490,0.964559,0.999649,1.000000,1.000000
495,0.985564,1.003838,1.000000,1.000000
500,0.982635,1.002481,1.000000,1.000000
505,0.971858,0.999550,1.000000,1.000000
510,0.997941,0.987095,1.000000,1.000000
515,1.002791,1.010228,1.000000,1.000000
520,1.016403,0.997282,1.000000,1.000000
525,0.993648,0.996866,1.000000,1.000000
530,1.030234,0.990667,1.000000,1.000000
535,1.029486,0.997815,1.000000,1.000000
540,0.978736,0.999639,1.000000,1.000000
545,0.999595,0.986135,1.000000,1.000000
550,1.011897,0.996896,1.000000,1.000000
555,1.004983,0.993651,1.000000,1.000000
560,1.024087,1.011547,1.000000,1.000000
565,0.972643,0.995505,1.000000,1.000000
570,0.972415,1.002851,1.000000,1.000000
575,1.000175,0.998163,1.000000,1.000000
580,0.975822,0.993129,1.000000,1.000000
585,0.976710,1.003292,1.000000,1.000000
590,1.031329,1.005535,1.000000,1.000000
595,0.998616,0.999677,1.000000,1.000000
600,1.045135,1.002840,1.000000,1.000000
605,0.977395,0.990226,1.000000,1.000000
610,0.986449,1.000415,1.000000,1.000000
615,1.005734,0.993694,1.000000,1.000000
620,1.020976,1.005996,1.000000,1.000000
625,0.992550,0.998876,1.000000,1.000000
630,0.964429,0.996975,1.000000,1.000000
635,0.981934,0.994970,1.000000,1.000000
640,1.007259,0.990862,1.000000,1.000000
645,0.986409,1.001709,1.000000,1.000000
650,1.019272,1.000614,1.000000,1.000000
655,0.957766,0.999838,1.000000,1.000000
660,1.017496,1.002491,1.000000,1.000000
665,1.008844,1.002561,1.000000,1.000000
670,0.995166,1.001521,1.000000,1.000000
675,0.984520,1.015145,1.000000,1.000000
680,0.976276,1.001490,1.000000,1.000000
685,1.021993,1.003744,1.000000,1.000000
690,1.009865,0.994924,1.000000,1.000000
695,1.005012,1.000073,1.000000,1.000000
700,1.013380,1.004636,1.000000,1.000000
705,0.998893,1.006388,1.000000,1.000000
710,1.004603,0.996649,1.000000,1.000000
715,0.981268,1.004504,1.000000,1.000000
720,0.984110,0.999043,1.000000,1.000000
725,0.987482,0.997169,1.000000,1.000000
730,0.970324,1.000707,1.000000,1.000000
735,0.991046,0.998327,1.000000,1.000000
740,0.998354,1.006837,1.000000,1.000000
745,0.976232,0.997526,1.000000,1.000000
750,0.994760,1.001903,1.000000,1.000000
755,1.011036,1.006480,1.000000,1.000000
760,1.003604,1.006713,1.000000,1.000000
765,0.987533,0.993032,1.000000,1.000000
770,0.999702,0.997588,1.000000,1.000000
775,1.017035,1.001533,1.000000,1.000000
780,0.999670,0.999490,1.000000,1.000000
785,0.990430,1.001882,1.000000,1.000000
790,0.995515,0.999120,1.000000,1.000000
795,0.982931,0.998895,1.000000,1.000000
800,0.980908,0.994016,1.000000,1.000000
805,0.991466,1.000254,1.000000,1.000000
810,1.002612,0.998978,1.000000,1.000000
815,1.006945,1.010186,1.000000,1.000000
820,0.988846,1.000922,1.000000,1.000000
825,0.987365,0.992303,1.000000,1.000000
830,1.020352,1.000324,1.000000,1.000000
835,1.003930,0.994512,1.000000,1.000000
840,0.973126,0.997755,1.000000,1.000000
845,1.008276,0.998263,1.000000,1.000000
850,1.004151,1.004957,1.000000,1.000000
855,0.983840,0.991274,1.000000,1.000000
860,0.998343,0.997051,1.000000,1.000000
865,1.001775,1.004566,1.000000,1.000000
870,0.972075,1.001557,1.000000,1.000000
875,1.006605,0.995999,1.000000,1.000000
880,0.994943,1.004287,1.000000,1.000000
885,1.020601,0.998987,1.000000,1.000000
890,0.986376,0.997511,1.000000,1.000000
895,1.025291,0.995793,1.000000,1.000000
900,0.998096,1.002933,1.000000,1.000000
905,1.004545,1.001337,1.000000,1.000000
910,0.987897,0.997658,1.000000,1.000000
915,0.999556,0.996576,1.000000,1.000000
920,0.998689,0.997825,1.000000,1.000000
925,1.005781,1.005811,1.000000,1.000000
930,0.978378,0.996690,1.000000,1.000000
935,1.017735,0.995746,1.000000,1.000000
940,1.018211,1.005623,1.000000,1.000000
945,1.016880,1.002478,1.000000,1.000000
950,0.989449,0.997088,1.000000,1.000000
955,0.994449,1.005262,1.000000,1.000000
960,1.007309,1.004874,1.000000,1.000000
965,1.004845,0.999340,1.000000,1.000000
970,1.012649,1.004093,1.000000,1.000000
975,1.012249,1.004996,1.000000,1.000000
980,1.025080,1.002670,1.000000,1.000000
985,1.015818,1.001629,1.000000,1.000000
990,1.003813,0.999836,1.000000,1.000000
995,0.999260,0.994013,1.000000,1.000000
1000,1.013681,0.998434,1.000000,1.000000
1005,1.023780,1.002775,1.000000,1.000000
1010,0.995318,1.004569,1.000000,1.000000
1015,0.985147,1.010787,1.000000,1.000000
1020,1.022875,0.999039,1.000000,1.000000
1025,0.982270,1.002299,1.000000,1.000000
1030,0.982980,1.002413,1.000000,1.000000
1035,1.030366,0.998963,1.000000,1.000000
1040,1.004315,1.000501,1.000000,1.000000
1045,0.999748,1.004208,1.000000,1.000000
1050,1.008643,0.998444,1.000000,1.000000
1055,0.990828,1.004100,1.000000,1.000000
1060,1.004759,0.996153,1.000000,1.000000
1065,1.009261,0.994027,1.000000,1.000000
1070,1.013246,1.000586,1.000000,1.000000
1075,1.010385,1.006632,1.000000,1.000000
1080,1.001318,0.990921,1.000000,1.000000
1085,0.973868,0.999890,1.000000,1.000000
1090,0.997023,1.002026,1.000000,1.000000
1095,0.991330,0.994410,1.000000,1.000000
1100,1.017705,0.997685,1.000000,1.000000
1105,0.978422,0.995746,1.000000,1.000000
1110,1.013908,1.002445,1.000000,1.000000
1115,0.983776,0.999687,1.000000,1.000000
1120,0.986257,1.004810,1.000000,1.000000
1125,0.985338,0.999502,1.000000,1.000000
1130,0.998891,1.005109,1.000000,1.000000
1135,0.997369,0.995769,1.000000,1.000000
1140,0.987888,1.002601,1.000000,1.000000
1145,1.010477,0.996998,1.000000,1.000000
1150,0.999940,0.999074,1.000000,1.000000
1155,1.008195,0.995082,1.000000,1.000000
1160,0.994029,1.002283,1.000000,1.000000
1165,1.021703,1.004219,1.000000,1.000000
1170,1.020730,0.992657,1.000000,1.000000
1175,0.998722,1.001721,1.000000,1.000000
1180,0.993570,1.000692,1.000000,1.000000
1185,1.006352,0.996228,1.000000,1.000000
1190,1.002279,0.996292,1.000000,1.000000
1195,0.995595,1.005438,1.000000,1.000000
1200,1.026400,1.000490,1.000000,1.000000
1205,0.985527,0.999353,1.000000,1.000000
1210,0.990610,1.000422,1.000000,1.000000
1215,0.986462,1.003314,1.000000,1.000000
1220,1.004691,1.002020,1.000000,1.000000
1225,0.980953,0.996574,1.000000,1.000000
1230,0.973274,0.999605,1.000000,1.000000
1235,1.016394,1.002774,1.000000,1.000000
1240,0.973941,1.001087,1.000000,1.000000
1245,0.975155,1.001779,1.000000,1.000000
1250,0.991191,0.989795,1.000000,1.000000
1255,0.992143,0.999972,1.000000,1.000000
1260,1.009083,0.995384,1.000000,1.000000
1265,0.980709,1.001878,1.000000,1.000000
1270,1.027418,1.007499,1.000000,1.000000
1275,1.016705,0.994066,1.000000,1.000000
1280,0.998394,0.999197,1.000000,1.000000
1285,0.992717,0.997880,1.000000,1.000000
1290,1.026244,1.000629,1.000000,1.000000
1295,0.978989,1.002866,1.000000,1.000000
1300,0.998393,1.003966,1.000000,1.000000
1305,0.965455,0.996389,1.000000,1.000000
1310,1.015734,1.001291,1.000000,1.000000
1315,1.003026,0.996339,1.000000,1.000000
1320,0.986974,0.998357,1.000000,1.000000
1325,1.016877,0.993106,1.000000,1.000000
1330,0.996444,1.000811,1.000000,1.000000
1335,0.989405,0.998191,1.000000,1.000000
1340,0.993739,1.004110,1.000000,1.000000
1345,0.978099,0.999253,1.000000,1.000000
1350,0.998207,0.996553,1.000000,1.000000
1355,1.008240,1.001044,1.000000,1.000000
1360,0.984463,0.995602,1.000000,1.000000
1365,1.002316,0.997203,1.000000,1.000000
1370,1.024234,1.000885,1.000000,1.000000
1375,0.972074,1.001438,1.000000,1.000000
1380,1.011925,1.008016,1.000000,1.000000
1385,1.001096,1.002757,1.000000,1.000000
1390,1.028805,1.002345,1.000000,1.000000
1395,0.986298,0.999553,1.000000,1.000000
1400,1.010573,0.999715,1.000000,1.000000
1405,0.999010,1.002744,1.000000,1.000000
1410,1.006841,0.994792,1.000000,1.000000
1415,0.988469,1.001457,1.000000,1.000000
1420,1.004114,0.995749,1.000000,1.000000
1425,0.993048,1.000718,1.000000,1.000000
1430,0.990868,1.000251,1.000000,1.000000
1435,1.007771,0.994575,1.000000,1.000000
1440,1.003130,1.004567,1.000000,1.000000
1445,0.993846,0.998408,1.000000,1.000000
1450,1.006308,1.003312,1.000000,1.000000
1455,0.973698,1.000009,1.000000,1.000000
1460,0.998129,0.996798,1.000000,1.000000
1465,1.016013,0.999534,1.000000,1.000000
1470,1.005082,1.008477,1.000000,1.000000
1475,0.992573,0.993860,1.000000,1.000000
1480,1.010314,1.005048,1.000000,1.000000
1485,0.986214,0.994816,1.000000,1.000000
1490,0.980230,0.993425,1.000000,1.000000
1495,0.989463,1.000331,1.000000,1.000000
1500,0.989920,1.006661,1.000000,1.000000
1505,1.009346,1.000276,1.000000,1.000000
1510,0.999119,0.999265,1.000000,1.000000
1515,1.010917,0.992096,1.000000,1.000000
1520,0.996598,0.999266,1.000000,1.000000
1525,1.003075,1.003466,1.000000,1.000000
1530,0.982569,0.993849,1.000000,1.000000
1535,1.005210,0.993758,1.000000,1.000000
1540,0.993142,1.004284,1.000000,1.000000
1545,0.986163,1.002727,1.000000,1.000000
1550,1.000744,0.998300,1.000000,1.000000
1555,1.011489,1.001848,1.000000,1.000000
1560,0.992801,1.001692,1.000000,1.000000
1565,1.018159,1.002179,1.000000,1.000000
1570,0.987969,0.999102,1.000000,1.000000
1575,0.991661,1.000741,1.000000,1.000000
1580,1.000151,1.000643,1.000000,1.000000
1585,1.002239,0.997024,1.000000,1.000000
1590,1.000770,1.004000,1.000000,1.000000
1595,1.002103,1.007943,1.000000,1.000000
1600,1.014329,1.001443,1.000000,1.000000
1605,1.007052,0.999197,1.000000,1.000000
1610,0.999696,0.998631,1.000000,1.000000
1615,1.009734,0.993995,1.000000,1.000000
1620,1.008771,0.999680,1.000000,1.000000
1625,1.002896,1.001011,1.000000,1.000000
1630,1.010830,0.992782,1.000000,1.000000
1635,1.011546,0.999943,1.000000,1.000000
1640,0.990678,0.994565,1.000000,1.000000
1645,1.011991,0.998586,1.000000,1.000000
1650,0.964621,1.000488,1.000000,1.000000
1655,0.999042,0.998529,1.000000,1.000000
1660,0.987208,1.000160,1.000000,1.000000
1665,1.014933,0.998161,1.000000,1.000000
1670,1.016133,0.998201,1.000000,1.000000
1675,0.990344,0.997206,1.000000,1.000000
1680,0.985133,0.996354,1.000000,1.000000
1685,1.007038,1.006145,1.000000,1.000000
1690,0.990688,1.003774,1.000000,1.000000
1695,1.002256,1.007225,1.000000,1.000000
1700,0.986611,1.001557,1.000000,1.000000
1705,1.008900,0.996414,1.000000,1.000000
1710,0.984276,1.001910,1.000000,1.000000
1715,1.021414,1.000065,1.000000,1.000000
1720,0.988887,1.003979,1.000000,1.000000
1725,1.003324,0.996375,1.000000,1.000000
1730,0.992654,0.997594,1.000000,1.000000
1735,1.000232,0.999180,1.000000,1.000000
1740,1.005452,0.995628,1.000000,1.000000
1745,1.014884,1.001931,1.000000,1.000000
1750,0.998174,0.996292,1.000000,1.000000
1755,0.974338,0.995271,1.000000,1.000000
1760,1.019535,0.997546,1.000000,1.000000
1765,0.997902,0.995685,1.000000,1.000000
1770,1.016929,0.999389,1.000000,1.000000
1775,1.004508,1.003625,1.000000,1.000000
1780,1.016795,1.001061,1.000000,1.000000
1785,0.999907,1.003523,1.000000,1.000000
1790,1.007597,0.999191,1.000000,1.000000
1795,1.000224,1.002525,1.000000,1.000000
1800,1.011112,0.999370,1.000000,1.000000
1805,1.011145,0.996376,1.000000,1.000000
1810,1.016790,0.999202,1.000000,1.000000
1815,1.001905,0.996607,1.000000,1.000000
1820,1.007082,1.003864,1.000000,1.000000
1825,0.991012,1.002654,1.000000,1.000000
1830,1.011696,1.000623,1.000000,1.000000
1835,1.007763,0.993582,1.000000,1.000000
1840,0.998492,1.001183,1.000000,1.000000
1845,1.007061,0.997719,1.000000,1.000000
1850,0.993597,0.999657,1.000000,1.000000
1855,1.014118,1.003361,1.000000,1.000000
1860,1.010337,0.999013,1.000000,1.000000
1865,1.020608,0.998202,1.000000,1.000000
1870,1.002222,0.999713,1.000000,1.000000
1875,0.975582,0.994479,1.000000,1.000000
1880,1.013775,1.003163,1.000000,1.000000
1885,0.985706,1.003628,1.000000,1.000000
1890,0.994973,1.002406,1.000000,1.000000
1895,1.018164,0.993958,1.000000,1.000000
1900,1.018342,0.997760,1.000000,1.000000
1905,1.008684,1.002605,1.000000,1.000000
1910,0.994938,1.001995,1.000000,1.000000
1915,0.984916,0.995361,1.000000,1.000000
1920,1.010070,1.000782,1.000000,1.000000
1925,1.002186,0.994005,1.000000,1.000000
1930,0.993778,1.003062,1.000000,1.000000
1935,1.001132,1.001502,1.000000,1.000000
1940,0.994867,0.999720,1.000000,1.000000
1945,0.983133,1.001450,1.000000,1.000000
1950,1.000548,0.994624,1.000000,1.000000
1955,1.023884,0.997997,1.000000,1.000000
1960,0.980646,0.996544,1.000000,1.000000
1965,1.009163,0.999544,1.000000,1.000000
1970,0.994265,0.999064,1.000000,1.000000
1975,1.010334,0.999906,1.000000,1.000000
1980,0.986978,1.002735,1.000000,1.000000
1985,0.999072,0.997340,1.000000,1.000000
1990,1.009153,0.993640,1.000000,1.000000
1995,1.005087,1.000871,1.000000,1.000000
2000,1.006912,1.000399,1.000000,1.000000
2005,0.989369,1.004186,1.000000,1.000000
2010,1.007738,1.001840,1.000000,1.000000
2015,1.012904,0.998263,1.000000,1.000000
2020,1.008542,0.997830,1.000000,1.000000
2025,0.972285,0.997429,1.000000,1.000000
2030,1.010675,0.997454,1.000000,1.000000
2035,1.009141,1.001969,1.000000,1.000000
2040,0.989891,0.999235,1.000000,1.000000
2045,1.003935,0.998842,1.000000,1.000000
2050,0.996357,1.000592,1.000000,1.000000
2055,1.011104,0.998051,1.000000,1.000000
2060,1.012002,0.998794,1.000000,1.000000
2065,1.002023,1.002882,1.000000,1.000000
2070,0.992984,0.998354,1.000000,1.000000
2075,1.000707,0.997604,1.000000,1.000000
2080,0.990505,0.994311,1.000000,1.000000
2085,1.014273,0.999488,1.000000,1.000000
2090,1.022232,0.997027,1.000000,1.000000
2095,0.984934,1.004353,1.000000,1.000000
2100,1.015084,1.000153,1.000000,1.000000
2105,1.009264,1.002788,1.000000,1.000000
2110,0.992841,1.000420,1.000000,1.000000
2115,0.995067,0.999783,1.000000,1.000000
2120,1.002642,1.003530,1.000000,1.000000
2125,0.986944,1.004595,1.000000,1.000000
2130,1.010580,1.001046,1.000000,1.000000
2135,1.025517,1.000085,1.000000,1.000000
2140,0.994500,0.994542,1.000000,1.000000
2145,1.009805,1.002132,1.000000,1.000000
2150,0.995597,0.996953,1.000000,1.000000
2155,0.997403,1.006862,1.000000,1.000000
2160,0.984319,0.998631,1.000000,1.000000
2165,1.002343,1.001816,1.000000,1.000000
2170,1.002021,0.997964,1.000000,1.000000
2175,1.016530,0.999970,1.000000,1.000000
2180,0.998893,1.004153,1.000000,1.000000
2185,0.998720,1.001371,1.000000,1.000000
2190,1.014495,1.004169,1.000000,1.000000
2195,1.000062,0.999947,1.000000,1.000000
2200,0.993325,1.000181,1.000000,1.000000
2205,0.991080,1.002058,1.000000,1.000000
2210,0.999299,0.997608,1.000000,1.000000
2215,1.013389,1.005789,1.000000,1.000000
2220,0.989598,0.997134,1.000000,1.000000
2225,1.014688,1.000268,1.000000,1.000000
2230,1.000958,0.996351,1.000000,1.000000
2235,0.994758,1.003331,1.000000,1.000000
2240,1.000141,0.996361,1.000000,1.000000
2245,0.991848,1.000015,1.000000,1.000000
2250,1.005542,1.001858,1.000000,1.000000
2255,1.002170,0.998289,1.000000,1.000000
2260,0.988545,0.997468,1.000000,1.000000
2265,1.008966,1.001057,1.000000,1.000000
2270,1.004633,1.002817,1.000000,1.000000
2275,0.990261,1.001354,1.000000,1.000000
2280,0.986391,0.997244,1.000000,1.000000
2285,1.006407,1.000486,1.000000,1.000000
2290,1.001404,0.999415,1.000000,1.000000
2295,0.990327,1.002722,1.000000,1.000000
2300,0.993850,0.999198,1.000000,1.000000
2305,1.009984,1.003351,1.000000,1.000000
2310,1.001523,1.003634,1.000000,1.000000
2315,0.982512,0.995367,1.000000,1.000000
2320,1.016272,0.999628,1.000000,1.000000
2325,0.990064,0.997261,1.000000,1.000000
2330,0.995527,0.999036,1.000000,1.000000
2335,0.991747,0.999390,1.000000,1.000000
2340,0.995842,1.000072,1.000000,1.000000
2345,0.984017,1.001965,1.000000,1.000000
2350,1.012215,1.000279,1.000000,1.000000
2355,0.997297,1.001263,1.000000,1.000000
2360,0.991562,0.995582,1.000000,1.000000
2365,0.997286,1.001986,1.000000,1.000000
2370,0.993480,1.002748,1.000000,1.000000
2375,0.999585,0.995085,1.000000,1.000000
2380,0.998995,1.001956,1.000000,1.000000
2385,1.006821,0.999049,1.000000,1.000000
2390,0.992472,0.998914,1.000000,1.000000
2395,0.997478,1.002215,1.000000,1.000000
2400,1.017530,1.003780,1.000000,1.000000
2405,1.011425,1.003678,1.000000,1.000000
2410,0.986848,1.000723,1.000000,1.000000
2415,1.008906,1.001346,1.000000,1.000000
2420,0.999211,0.991758,1.000000,1.000000
2425,0.994750,0.997487,1.000000,1.000000
2430,1.008508,0.999643,1.000000,1.000000
2435,1.002751,0.997770,1.000000,1.000000
2440,1.002245,1.003085,1.000000,1.000000
2445,1.003363,1.000221,1.000000,1.000000
2450,0.990649,1.001650,1.000000,1.000000
2455,0.977048,1.002419,1.000000,1.000000
2460,0.988234,0.997472,1.000000,1.000000
2465,1.006391,1.004500,1.000000,1.000000
2470,1.006554,0.999123,1.000000,1.000000
2475,0.997979,0.996643,1.000000,1.000000
2480,1.003340,1.002501,1.000000,1.000000
2485,0.990212,0.997952,1.000000,1.000000
2490,0.988700,1.003223,1.000000,1.000000
2495,1.011189,1.001268,1.000000,1.000000
2500,1.000678,1.004256,1.000000,1.000000
2505,1.002981,0.999732,1.000000,1.000000
2510,1.004310,0.994859,1.000000,1.000000
2515,1.010824,0.999309,1.000000,1.000000
2520,0.985963,1.000498,1.000000,1.000000
2525,1.009449,0.995646,1.000000,1.000000
2530,0.993087,1.002998,1.000000,1.000000
2535,1.007445,0.997974,1.000000,1.000000
2540,1.020633,0.999696,1.000000,1.000000
2545,1.006480,1.000878,1.000000,1.000000
2550,1.001576,0.997112,1.000000,1.000000
2555,0.991560,1.000320,1.000000,1.000000
2560,0.987707,1.004397,1.000000,1.000000
2565,1.018221,1.001013,1.000000,1.000000
2570,1.005644,0.996327,1.000000,1.000000
2575,1.000593,0.996921,1.000000,1.000000
2580,0.995239,0.995969,1.000000,1.000000
2585,0.980703,1.004523,1.000000,1.000000
2590,0.997194,0.999321,1.000000,1.000000
2595,1.003886,1.001105,1.000000,1.000000
2600,0.997363,0.998663,1.000000,1.000000
2605,0.987225,0.998470,1.000000,1.000000
2610,0.988246,1.002506,1.000000,1.000000
2615,0.980116,0.997907,1.000000,1.000000
2620,0.999469,0.998394,1.000000,1.000000
2625,0.994231,1.001475,1.000000,1.000000
2630,0.981020,0.999107,1.000000,1.000000
2635,1.017725,1.002738,1.000000,1.000000
2640,0.996268,0.999531,1.000000,1.000000
2645,1.005795,1.001742,1.000000,1.000000
2650,1.013986,1.000404,1.000000,1.000000
2655,1.008813,1.001642,1.000000,1.000000
2660,1.002675,0.996863,1.000000,1.000000
2665,1.002924,0.994283,1.000000,1.000000
2670,1.007782,1.000554,1.000000,1.000000
2675,1.011638,1.000201,1.000000,1.000000
2680,1.017590,0.999416,1.000000,1.000000
2685,1.005397,0.999264,1.000000,1.000000
2690,0.987321,1.003328,1.000000,1.000000
2695,0.993040,1.002628,1.000000,1.000000
2700,1.019008,0.996258,1.000000,1.000000
2705,0.992189,1.003853,1.000000,1.000000
2710,1.007834,1.002319,1.000000,1.000000
2715,0.995246,0.998394,1.000000,1.000000
2720,0.997539,0.999999,1.000000,1.000000
2725,1.001578,1.000889,1.000000,1.000000
2730,0.999693,1.002134,1.000000,1.000000
2735,1.009959,0.999182,1.000000,1.000000
2740,1.000878,0.997354,1.000000,1.000000
2745,1.008684,1.000224,1.000000,1.000000
2750,1.011919,0.997235,1.000000,1.000000
2755,1.022328,1.001449,1.000000,1.000000
2760,0.999722,0.998761,1.000000,1.000000
2765,1.002515,1.000256,1.000000,1.000000
2770,0.983028,1.005122,1.000000,1.000000
2775,1.014395,1.000511,1.000000,1.000000
2780,1.002706,0.999616,1.000000,1.000000
2785,0.997650,1.000985,1.000000,1.000000
2790,0.999878,1.000249,1.000000,1.000000
2795,0.983086,1.002005,1.000000,1.000000
2800,0.998522,0.997841,1.000000,1.000000
2805,0.991090,1.002123,1.000000,1.000000
2810,1.001720,0.998590,1.000000,1.000000
2815,0.999634,1.000322,1.000000,1.000000
2820,1.000162,0.998655,1.000000,1.000000
2825,0.985622,0.996476,1.000000,1.000000
2830,0.991483,1.006490,1.000000,1.000000
2835,1.004325,1.003343,1.000000,1.000000
2840,0.983571,0.999385,1.000000,1.000000
2845,0.996562,0.994917,1.000000,1.000000
2850,0.996073,0.999629,1.000000,1.000000
2855,0.989410,0.993578,1.000000,1.000000
2860,0.997703,1.001668,1.000000,1.000000
2865,1.001443,0.999320,1.000000,1.000000
2870,1.004833,0.998844,1.000000,1.000000
2875,1.011609,1.001692,1.000000,1.000000
2880,1.014497,1.001386,1.000000,1.000000
2885,0.998945,1.000457,1.000000,1.000000
2890,0.999872,1.001231,1.000000,1.000000
2895,1.003813,0.994857,1.000000,1.000000
2900,1.005393,1.000892,1.000000,1.000000
2905,0.994464,0.999957,1.000000,1.000000
2910,1.007189,0.997891,1.000000,1.000000
2915,0.998830,0.993123,1.000000,1.000000
2920,0.984911,1.002500,1.000000,1.000000
2925,0.980051,0.998873,1.000000,1.000000
2930,0.995111,1.002387,1.000000,1.000000
2935,0.996293,1.000167,1.000000,1.000000
2940,0.991358,1.003089,1.000000,1.000000
2945,1.010176,1.000615,1.000000,1.000000
2950,1.002158,1.000416,1.000000,1.000000
2955,1.011425,0.999503,1.000000,1.000000
2960,0.999873,0.999555,1.000000,1.000000
2965,0.999481,0.996127,1.000000,1.000000
2970,0.993191,1.003803,1.000000,1.000000
2975,1.004450,1.001007,1.000000,1.000000
2980,1.009142,1.002148,1.000000,1.000000
2985,1.003627,0.999349,1.000000,1.000000
2990,1.002732,1.000023,1.000000,1.000000
2995,0.992391,0.996554,1.000000,1.000000
3000,0.997003,0.995895,1.000000,1.000000
3005,0.988421,0.996812,1.000000,1.000000
3010,1.003077,1.002895,1.000000,1.000000
3015,1.008466,1.005804,1.000000,1.000000
3020,1.002911,0.999365,1.000000,1.000000
3025,1.005589,0.998024,1.000000,1.000000
3030,1.003243,1.000553,1.000000,1.000000
3035,0.995917,0.999053,1.000000,1.000000
3040,0.998877,1.001922,1.000000,1.000000
3045,0.990481,0.998094,1.000000,1.000000
3050,0.997627,0.998037,1.000000,1.000000
3055,1.022980,0.997228,1.000000,1.000000
3060,0.997781,0.997398,1.000000,1.000000
3065,1.005044,0.998394,1.000000,1.000000
3070,1.006785,1.001527,1.000000,1.000000
3075,0.991604,0.999324,1.000000,1.000000
3080,1.004003,0.997183,1.000000,1.000000
3085,0.995409,1.003470,1.000000,1.000000
3090,0.992095,0.998559,1.000000,1.000000
3095,0.985081,0.998197,1.000000,1.000000
3100,1.005919,0.998134,1.000000,1.000000
3105,0.995318,1.003985,1.000000,1.000000
3110,1.011991,0.999105,1.000000,1.000000
3115,1.006516,1.005349,1.000000,1.000000
3120,1.001502,0.997256,1.000000,1.000000
3125,0.993749,0.998234,1.000000,1.000000
3130,0.989930,0.999786,1.000000,1.000000
3135,0.985358,1.001138,1.000000,1.000000
3140,1.000881,0.999902,1.000000,1.000000
3145,0.987902,1.001621,1.000000,1.000000
3150,0.998596,0.994242,1.000000,1.000000
3155,0.986627,0.997934,1.000000,1.000000
3160,1.010636,1.002155,1.000000,1.000000
3165,0.994945,0.998801,1.000000,1.000000
3170,1.002975,0.999941,1.000000,1.000000
3175,0.983403,0.997658,1.000000,1.000000
3180,0.983384,0.999270,1.000000,1.000000
3185,1.017516,0.997785,1.000000,1.000000
3190,1.004077,1.000280,1.000000,1.000000
3195,1.000790,0.995804,1.000000,1.000000
3200,1.000548,0.999717,1.000000,1.000000
3205,1.002312,0.999739,1.000000,1.000000
3210,0.995432,0.997959,1.000000,1.000000
3215,0.999311,0.997257,1.000000,1.000000
3220,1.001063,0.999201,1.000000,1.000000
3225,1.002896,0.998377,1.000000,1.000000
3230,1.010946,1.001095,1.000000,1.000000
3235,1.005796,0.999874,1.000000,1.000000
3240,1.001425,0.999020,1.000000,1.000000
3245,1.000937,0.998592,1.000000,1.000000
3250,1.005110,1.002053,1.000000,1.000000
3255,0.996624,1.001513,1.000000,1.000000
3260,0.992234,1.001440,1.000000,1.000000
3265,0.999753,0.999066,1.000000,1.000000
3270,0.991740,1.001963,1.000000,1.000000
3275,1.012562,0.999497,1.000000,1.000000
3280,1.004970,1.000531,1.000000,1.000000
3285,0.996951,1.000442,1.000000,1.000000
3290,0.993168,0.999944,1.000000,1.000000
3295,0.995704,0.996869,1.000000,1.000000
3300,1.014534,1.000538,1.000000,1.000000
3305,0.997023,1.000280,1.000000,1.000000
3310,1.009019,0.998554,1.000000,1.000000
3315,0.995981,0.998543,1.000000,1.000000
3320,1.021716,0.998692,1.000000,1.000000
3325,1.007162,0.999292,1.000000,1.000000
3330,0.997031,0.997869,1.000000,1.000000
3335,0.994546,0.999784,1.000000,1.000000
3340,0.997586,0.998746,1.000000,1.000000
3345,0.991147,0.999588,1.000000,1.000000
3350,1.000360,0.998596,1.000000,1.000000
3355,1.003662,1.001427,1.000000,1.000000
3360,0.985618,1.004655,1.000000,1.000000
3365,1.000228,0.999635,1.000000,1.000000
3370,0.990821,0.996904,1.000000,1.000000
3375,0.989850,1.003675,1.000000,1.000000
3380,0.987338,0.998181,1.000000,1.000000
3385,0.992858,1.004532,1.000000,1.000000
3390,0.987795,0.995586,1.000000,1.000000
3395,0.990105,1.002243,1.000000,1.000000
3400,0.981693,1.001838,1.000000,1.000000
3405,0.994788,0.998498,1.000000,1.000000
3410,1.002373,1.001847,1.000000,1.000000
3415,0.997839,0.998990,1.000000,1.000000
3420,0.987918,1.002957,1.000000,1.000000
3425,0.996063,1.001149,1.000000,1.000000
3430,1.003698,0.998387,1.000000,1.000000
3435,1.000321,1.002178,1.000000,1.000000
3440,1.003468,1.001905,1.000000,1.000000
3445,1.002524,1.002361,1.000000,1.000000
3450,1.005531,0.996462,1.000000,1.000000
3455,1.000274,1.003434,1.000000,1.000000
3460,1.002143,0.995732,1.000000,1.000000
3465,0.993536,0.996863,1.000000,1.000000
3470,1.011975,0.997835,1.000000,1.000000
3475,0.994323,0.999308,1.000000,1.000000
3480,0.984839,0.996940,1.000000,1.000000
3485,0.995882,0.999245,1.000000,1.000000
3490,0.995179,0.998150,1.000000,1.000000
3495,0.985577,0.999545,1.000000,1.000000
3500,1.003025,0.999635,1.000000,1.000000
3505,0.974161,0.997697,1.000000,1.000000
3510,0.989479,1.001424,1.000000,1.000000
3515,1.004430,1.002104,1.000000,1.000000
3520,0.999999,1.001216,1.000000,1.000000
3525,1.016411,1.004797,1.000000,1.000000
3530,1.003526,0.996914,1.000000,1.000000
3535,1.000395,0.999251,1.000000,1.000000
3540,1.001632,0.999372,1.000000,1.000000
3545,0.993548,0.996538,1.000000,1.000000
3550,1.007987,0.998889,1.000000,1.000000
3555,0.988727,1.001603,1.000000,1.000000
3560,1.000173,0.998462,1.000000,1.000000
3565,0.995001,0.995358,1.000000,1.000000
3570,0.997977,0.999755,1.000000,1.000000
3575,0.993259,1.000222,1.000000,1.000000
3580,1.001042,0.997423,1.000000,1.000000
3585,0.994411,0.998823,1.000000,1.000000
3590,1.019053,0.998808,1.000000,1.000000
3595,0.993177,1.002822,1.000000,1.000000
3600,0.992557,0.996844,1.000000,1.000000
3605,0.998153,0.999372,1.000000,1.000000
3610,1.000501,0.996654,1.000000,1.000000
3615,0.994708,0.999756,1.000000,1.000000
3620,1.002594,1.003747,1.000000,1.000000
3625,0.989900,0.999614,1.000000,1.000000
3630,0.986475,1.000759,1.000000,1.000000
3635,1.017732,1.000810,1.000000,1.000000
3640,1.012463,0.999707,1.000000,1.000000
3645,0.991680,1.001782,1.000000,1.000000
3650,0.988754,1.000509,1.000000,1.000000
3655,1.001176,0.998914,1.000000,1.000000
3660,1.009288,1.000904,1.000000,1.000000
3665,0.996113,1.001173,1.000000,1.000000
3670,1.009630,0.996175,1.000000,1.000000
3675,0.995160,0.997201,1.000000,1.000000
3680,1.006187,1.000078,1.000000,1.000000
3685,1.005551,0.999569,1.000000,1.000000
3690,1.002768,1.000489,1.000000,1.000000
3695,0.999947,1.001757,1.000000,1.000000
3700,1.017644,1.002204,1.000000,1.000000
3705,0.991558,0.999327,1.000000,1.000000
3710,1.006423,0.997196,1.000000,1.000000
3715,1.003189,0.995651,1.000000,1.000000
3720,0.996395,0.999903,1.000000,1.000000
3725,1.012780,1.000203,1.000000,1.000000
3730,1.021783,0.997333,1.000000,1.000000
3735,1.007559,0.999237,1.000000,1.000000
3740,0.992454,0.999210,1.000000,1.000000
3745,0.995267,1.001191,1.000000,1.000000
3750,0.994571,0.997132,1.000000,1.000000
3755,0.983243,1.000290,1.000000,1.000000
3760,0.985413,1.000645,1.000000,1.000000
3765,0.990951,1.001789,1.000000,1.000000
3770,0.986132,0.998553,1.000000,1.000000
3775,0.994240,0.999240,1.000000,1.000000
3780,0.991920,0.996940,1.000000,1.000000
3785,0.994641,0.996925,1.000000,1.000000
3790,1.009270,0.997894,1.000000,1.000000
3795,1.011665,1.000853,1.000000,1.000000
3800,1.014099,1.001619,1.000000,1.000000
3805,1.007970,0.998468,1.000000,1.000000
3810,0.984578,1.000143,1.000000,1.000000
3815,1.011465,0.997893,1.000000,1.000000
3820,1.010579,0.997629,1.000000,1.000000
3825,0.992802,0.999539,1.000000,1.000000
3830,1.005299,1.002285,1.000000,1.000000
3835,1.005812,1.005691,1.000000,1.000000
3840,1.009678,1.000163,1.000000,1.000000
3845,0.992259,1.001985,1.000000,1.000000
3850,1.005973,0.998706,1.000000,1.000000
3855,1.015128,1.002088,1.000000,1.000000
3860,0.993345,0.999456,1.000000,1.000000
3865,0.999995,1.001853,1.000000,1.000000
3870,1.008970,1.003965,1.000000,1.000000
3875,1.001493,1.001482,1.000000,1.000000
3880,1.013758,1.001495,1.000000,1.000000
3885,0.994188,0.999007,1.000000,1.000000
3890,1.005080,1.000510,1.000000,1.000000
3895,1.014290,0.999943,1.000000,1.000000
3900,0.998660,1.000535,1.000000,1.000000
3905,0.995324,0.999481,1.000000,1.000000
3910,1.001010,1.002289,1.000000,1.000000
3915,1.006120,0.997843,1.000000,1.000000
3920,1.012567,0.997276,1.000000,1.000000
3925,1.001615,1.000035,1.000000,1.000000
3930,0.990298,1.000161,1.000000,1.000000
3935,1.013077,0.996171,1.000000,1.000000
3940,0.994027,0.998463,1.000000,1.000000
3945,0.995809,1.002787,1.000000,1.000000
3950,0.993158,0.999941,1.000000,1.000000
3955,1.009793,0.999812,1.000000,1.000000
3960,0.988734,0.998360,1.000000,1.000000
3965,0.989683,1.002238,1.000000,1.000000
3970,1.007969,1.002341,1.000000,1.000000
3975,0.991926,1.001738,1.000000,1.000000
3980,0.985166,0.997971,1.000000,1.000000
3985,1.012146,1.002942,1.000000,1.000000
3990,1.010586,1.002863,1.000000,1.000000
3995,0.991533,0.995903,1.000000,1.000000
4000,1.004290,0.998732,1.000000,1.000000
4005,0.983094,1.000962,1.000000,1.000000
4010,1.003183,0.997908,1.000000,1.000000
4015,0.999780,1.002138,1.000000,1.000000
4020,0.998984,1.001211,1.000000,1.000000
4025,0.989610,1.000592,1.000000,1.000000
4030,0.997006,0.997016,1.000000,1.000000
4035,0.993608,0.998457,1.000000,1.000000
4040,0.995791,0.998422,1.000000,1.000000
4045,1.001006,0.999183,1.000000,1.000000
4050,0.991254,0.998854,1.000000,1.000000
4055,0.994243,0.999732,1.000000,1.000000
4060,1.002705,0.999679,1.000000,1.000000
4065,1.012798,1.001210,1.000000,1.000000
4070,0.996459,0.998889,1.000000,1.000000
4075,0.989767,0.996816,1.000000,1.000000
4080,0.997151,0.994504,1.000000,1.000000
4085,1.003967,0.998767,1.000000,1.000000
4090,0.992896,1.000081,1.000000,1.000000
4095,0.997130,1.000409,1.000000,1.000000
4100,1.008999,0.995089,1.000000,1.000000
4105,1.005391,1.001011,1.000000,1.000000
4110,1.003371,0.998524,1.000000,1.000000
4115,1.007049,0.997656,1.000000,1.000000
4120,0.995609,1.003909,1.000000,1.000000
4125,0.985336,1.001678,1.000000,1.000000
4130,1.000265,0.998752,1.000000,1.000000
4135,0.994388,0.998033,1.000000,1.000000
4140,1.002586,0.999254,1.000000,1.000000
4145,1.014058,0.999016,1.000000,1.000000
4150,1.014195,1.005520,1.000000,1.000000
4155,0.992806,1.001463,1.000000,1.000000
4160,0.995067,1.000240,1.000000,1.000000
4165,1.004466,1.003091,1.000000,1.000000
4170,1.001025,1.000295,1.000000,1.000000
4175,1.002945,0.996834,1.000000,1.000000
4180,1.010593,1.001021,1.000000,1.000000
4185,0.999662,0.998148,1.000000,1.000000
4190,1.002240,1.000259,1.000000,1.000000
4195,0.998386,1.005430,1.000000,1.000000
4200,1.018317,1.000665,1.000000,1.000000
4205,0.986719,0.998920,1.000000,1.000000
4210,1.006173,1.000137,1.000000,1.000000
4215,0.991000,1.002298,1.000000,1.000000
4220,1.011075,1.000096,1.000000,1.000000
4225,0.995627,0.999964,1.000000,1.000000
4230,1.009208,1.002860,1.000000,1.000000
4235,0.993733,1.003565,1.000000,1.000000
4240,0.996018,1.000317,1.000000,1.000000
4245,0.998912,1.002953,1.000000,1.000000
4250,0.992223,0.998272,1.000000,1.000000
4255,0.992027,0.999493,1.000000,1.000000
4260,1.003213,0.997943,1.000000,1.000000
4265,1.000830,0.999303,1.000000,1.000000
4270,1.004743,1.003486,1.000000,1.000000
4275,1.001271,1.003347,1.000000,1.000000
4280,0.996161,0.999741,1.000000,1.000000
4285,1.002328,0.998679,1.000000,1.000000
4290,1.000277,1.000069,1.000000,1.000000
4295,0.985317,0.999523,1.000000,1.000000
4300,1.001492,0.997376,1.000000,1.000000
4305,1.013503,1.001857,1.000000,1.000000
4310,0.999466,0.995301,1.000000,1.000000
4315,1.006556,1.003984,1.000000,1.000000
4320,0.999206,1.000186,1.000000,1.000000
4325,1.009377,0.996324,1.000000,1.000000
4330,1.008486,0.999661,1.000000,1.000000
4335,0.999703,0.998142,1.000000,1.000000
4340,0.992117,1.001151,1.000000,1.000000
4345,0.999468,0.998599,1.000000,1.000000
4350,1.003482,1.001382,1.000000,1.000000
4355,1.004139,0.999292,1.000000,1.000000
4360,1.006971,1.001219,1.000000,1.000000
4365,0.985650,0.998419,1.000000,1.000000
4370,0.997772,0.995755,1.000000,1.000000
4375,1.009506,0.997816,1.000000,1.000000
4380,1.017421,1.003018,1.000000,1.000000
4385,1.004717,0.996354,1.000000,1.000000
4390,1.005620,0.994899,1.000000,1.000000
4395,1.002430,1.001982,1.000000,1.000000
4400,1.006963,1.000993,1.000000,1.000000
4405,0.991545,0.998445,1.000000,1.000000
4410,1.016343,1.000747,1.000000,1.000000
4415,1.011526,0.997718,1.000000,1.000000
4420,1.002655,1.001077,1.000000,1.000000
4425,1.002269,0.999879,1.000000,1.000000
4430,1.012507,1.000969,1.000000,1.000000
4435,1.022963,0.997860,1.000000,1.000000
4440,1.003094,0.997290,1.000000,1.000000
4445,0.999474,0.997673,1.000000,1.000000
4450,1.007732,0.996555,1.000000,1.000000
4455,0.987026,1.003016,1.000000,1.000000
4460,0.998418,1.000784,1.000000,1.000000
4465,0.994977,1.000269,1.000000,1.000000
4470,0.999416,1.002744,1.000000,1.000000
4475,0.996055,1.000284,1.000000,1.000000
4480,1.005037,1.000472,1.000000,1.000000
4485,0.992591,1.000446,1.000000,1.000000
4490,1.005154,0.998499,1.000000,1.000000
4495,1.000396,0.998070,1.000000,1.000000
4500,0.997580,1.000302,1.000000,1.000000
4505,0.995416,0.998077,1.000000,1.000000
4510,0.998715,1.001924,1.000000,1.000000
4515,0.995097,0.997869,1.000000,1.000000
4520,1.004254,1.003272,1.000000,1.000000
4525,0.994880,0.997460,1.000000,1.000000
4530,0.998399,1.001190,1.000000,1.000000
4535,0.995768,1.000585,1.000000,1.000000
4540,1.004244,1.002751,1.000000,1.000000
4545,1.004945,1.000018,1.000000,1.000000
4550,0.996181,0.998629,1.000000,1.000000
4555,1.000408,0.999888,1.000000,1.000000
4560,1.000544,1.000292,1.000000,1.000000
4565,1.006233,1.000643,1.000000,1.000000
4570,0.998764,0.994589,1.000000,1.000000
4575,1.006666,0.999016,1.000000,1.000000
4580,0.991519,0.999908,1.000000,1.000000
4585,0.993912,0.999521,1.000000,1.000000
4590,1.006342,0.997631,1.000000,1.000000
4595,1.010191,0.996815,1.000000,1.000000
4600,1.013663,0.999832,1.000000,1.000000
4605,0.996170,1.001989,1.000000,1.000000
4610,1.003120,0.999245,1.000000,1.000000
4615,1.005427,0.998529,1.000000,1.000000
4620,0.997014,0.997542,1.000000,1.000000
4625,1.004476,0.997777,1.000000,1.000000
4630,1.003443,1.000972,1.000000,1.000000
4635,1.000101,0.998894,1.000000,1.000000
4640,0.986901,0.996941,1.000000,1.000000
4645,0.990003,1.001022,1.000000,1.000000
4650,1.004899,0.996619,1.000000,1.000000
4655,1.001259,0.995797,1.000000,1.000000
4660,1.008015,0.998662,1.000000,1.000000
4665,1.013534,0.996465,1.000000,1.000000
4670,0.992613,1.000439,1.000000,1.000000
4675,0.997301,1.002005,1.000000,1.000000
4680,1.005778,0.998211,1.000000,1.000000
4685,1.000323,1.003962,1.000000,1.000000
4690,1.003255,1.001938,1.000000,1.000000
4695,0.998012,0.998922,1.000000,1.000000
4700,0.997613,0.996990,1.000000,1.000000
4705,1.006086,0.998338,1.000000,1.000000
4710,1.000304,0.999939,1.000000,1.000000
4715,0.992200,1.000226,1.000000,1.000000
4720,0.994864,0.999866,1.000000,1.000000
4725,0.999531,0.998358,1.000000,1.000000
4730,0.996420,0.996923,1.000000,1.000000
4735,1.002433,1.000669,1.000000,1.000000
4740,1.015503,1.000602,1.000000,1.000000
4745,1.012516,0.999278,1.000000,1.000000
4750,0.998086,0.998605,1.000000,1.000000
4755,1.012542,1.001615,1.000000,1.000000
4760,1.006993,0.999708,1.000000,1.000000
4765,0.998484,0.996631,1.000000,1.000000
4770,1.002885,0.996246,1.000000,1.000000
4775,0.982233,1.002378,1.000000,1.000000
4780,0.993377,1.001770,1.000000,1.000000
4785,1.007834,0.998165,1.000000,1.000000
4790,0.995519,0.998049,1.000000,1.000000
4795,1.001697,0.999505,1.000000,1.000000
4800,0.999083,0.999829,1.000000,1.000000
4805,1.002076,0.999271,1.000000,1.000000
4810,0.995276,1.000529,1.000000,1.000000
4815,0.984704,1.000649,1.000000,1.000000
4820,1.000728,0.999984,1.000000,1.000000
4825,1.009566,0.999995,1.000000,1.000000
4830,1.002024,0.997590,1.000000,1.000000
4835,1.000676,0.997579,1.000000,1.000000
4840,0.995234,0.999986,1.000000,1.000000
4845,1.003149,0.998074,1.000000,1.000000
4850,0.985174,0.999557,1.000000,1.000000
4855,0.997803,1.002212,1.000000,1.000000
4860,1.003519,1.001753,1.000000,1.000000
4865,0.999509,1.001436,1.000000,1.000000
4870,1.005619,1.000617,1.000000,1.000000
4875,1.006743,1.000222,1.000000,1.000000
4880,1.002277,0.996419,1.000000,1.000000
4885,1.004536,0.999798,1.000000,1.000000
4890,0.987035,0.999149,1.000000,1.000000
4895,1.003172,0.999910,1.000000,1.000000
4900,0.998791,1.001676,1.000000,1.000000
4905,1.004788,0.998977,1.000000,1.000000
4910,0.997038,0.998688,1.000000,1.000000
4915,1.004060,0.999569,1.000000,1.000000
4920,0.995056,0.998356,1.000000,1.000000
4925,0.987043,0.997689,1.000000,1.000000
4930,1.007693,1.002068,1.000000,1.000000
4935,0.999710,1.001401,1.000000,1.000000
4940,0.980567,0.999629,1.000000,1.000000
4945,0.993824,0.996286,1.000000,1.000000
4950,1.003918,1.000633,1.000000,1.000000
4955,0.997829,1.000445,1.000000,1.000000
4960,1.001951,0.998989,1.000000,1.000000
4965,0.993458,0.997367,1.000000,1.000000
4970,1.010471,1.000828,1.000000,1.000000
4975,1.003764,1.002947,1.000000,1.000000
4980,0.997999,0.996470,1.000000,1.000000
4985,1.011470,1.003060,1.000000,1.000000
4990,1.009393,1.000117,1.000000,1.000000
4995,1.004466,1.001337,1.000000,1.000000
5000,0.990929,1.002257,1.000000,1.000000
5005,0.994286,1.000743,1.000000,1.000000
5010,1.006760,0.995806,1.000000,1.000000
5015,1.002131,1.001106,1.000000,1.000000
5020,0.997195,0.996932,1.000000,1.000000
5025,0.995008,0.997160,1.000000,1.000000
5030,0.991894,1.000745,1.000000,1.000000
5035,1.000040,1.002148,1.000000,1.000000
5040,0.999650,1.000121,1.000000,1.000000
5045,0.991522,1.001128,1.000000,1.000000
5050,0.991797,1.001180,1.000000,1.000000
5055,1.001445,0.999941,1.000000,1.000000
5060,0.997767,1.000130,1.000000,1.000000
5065,0.986819,0.999718,1.000000,1.000000
5070,1.001511,1.000419,1.000000,1.000000
5075,0.993918,0.999596,1.000000,1.000000
5080,1.003305,1.000048,1.000000,1.000000
5085,0.991442,0.998929,1.000000,1.000000
5090,1.001808,0.997781,1.000000,1.000000
5095,0.994482,1.005103,1.000000,1.000000
5100,0.995241,1.000142,1.000000,1.000000
5105,0.993794,1.000241,1.000000,1.000000
5110,0.999049,0.999311,1.000000,1.000000
5115,1.000211,1.000807,1.000000,1.000000
5120,0.994389,1.001535,1.000000,1.000000
5125,1.005994,1.001786,1.000000,1.000000
5130,0.996304,1.001788,1.000000,1.000000
5135,0.999410,0.999954,1.000000,1.000000
5140,0.996265,0.998967,1.000000,1.000000
5145,1.008068,1.000029,1.000000,1.000000
5150,0.994910,1.001707,1.000000,1.000000
5155,0.987333,1.000471,1.000000,1.000000
5160,0.985410,0.998823,1.000000,1.000000
5165,1.003935,1.000462,1.000000,1.000000
5170,0.997994,0.999957,1.000000,1.000000
5175,1.000316,0.998086,1.000000,1.000000
5180,0.988267,0.998621,1.000000,1.000000
5185,1.001168,0.999812,1.000000,1.000000
5190,1.000369,0.999875,1.000000,1.000000
5195,1.003234,0.999608,1.000000,1.000000
5200,1.005988,1.000117,1.000000,1.000000
5205,0.997605,1.000332,1.000000,1.000000
5210,0.994319,0.998759,1.000000,1.000000
5215,0.997725,0.997032,1.000000,1.000000
5220,0.992258,0.996781,1.000000,1.000000
5225,1.008936,1.000405,1.000000,1.000000
5230,0.999547,1.002814,1.000000,1.000000
5235,1.006176,1.000190,1.000000,1.000000
5240,0.992568,0.998185,1.000000,1.000000
5245,1.006154,1.000425,1.000000,1.000000
5250,0.998566,0.998845,1.000000,1.000000
5255,0.999547,0.999588,1.000000,1.000000
5260,1.001407,1.003247,1.000000,1.000000
5265,0.991511,1.002692,1.000000,1.000000
5270,0.995581,1.003850,1.000000,1.000000
5275,0.992647,0.998764,1.000000,1.000000
5280,0.991702,1.001587,1.000000,1.000000
5285,1.011942,0.999804,1.000000,1.000000
5290,1.007646,0.998452,1.000000,1.000000
5295,1.004760,0.997608,1.000000,1.000000
5300,0.997012,0.997126,1.000000,1.000000
5305,0.997566,1.000591,1.000000,1.000000
5310,1.006360,1.001062,1.000000,1.000000
5315,0.993888,0.997935,1.000000,1.000000
5320,0.999462,0.997812,1.000000,1.000000
5325,1.002002,0.998111,1.000000,1.000000
5330,1.001708,1.000003,1.000000,1.000000
5335,0.993831,1.001423,1.000000,1.000000
5340,1.003253,1.001539,1.000000,1.000000
5345,1.000120,1.001319,1.000000,1.000000
5350,1.007920,1.003486,1.000000,1.000000
5355,0.997474,1.001526,1.000000,1.000000
5360,0.993727,1.001835,1.000000,1.000000
5365,1.013101,0.997905,1.000000,1.000000
5370,1.012574,0.997439,1.000000,1.000000
5375,1.003424,0.998760,1.000000,1.000000
5380,1.004324,1.001806,1.000000,1.000000
5385,1.000500,0.999013,1.000000,1.000000
5390,1.007905,1.001440,1.000000,1.000000
5395,0.989720,1.001490,1.000000,1.000000
5400,0.995906,0.998700,1.000000,1.000000
5405,1.000507,0.996886,1.000000,1.000000
5410,1.002953,0.999969,1.000000,1.000000
5415,1.006498,0.998336,1.000000,1.000000
5420,1.004104,1.000515,1.000000,1.000000
5425,0.998576,1.001157,1.000000,1.000000
5430,1.006303,0.998703,1.000000,1.000000
5435,0.993817,0.996067,1.000000,1.000000
5440,1.001117,0.999725,1.000000,1.000000
5445,1.000779,0.997140,1.000000,1.000000
5450,1.002064,0.999009,1.000000,1.000000
5455,0.991518,0.997946,1.000000,1.000000
5460,0.992028,0.998850,1.000000,1.000000
5465,0.991299,1.003227,1.000000,1.000000
5470,0.997422,0.995971,1.000000,1.000000
5475,1.010127,1.001583,1.000000,1.000000
5480,1.000369,1.001097,1.000000,1.000000
5485,1.005710,0.998243,1.000000,1.000000
5490,1.005288,1.002157,1.000000,1.000000
5495,1.004299,1.002551,1.000000,1.000000
5500,1.003278,1.000692,1.000000,1.000000
5505,1.000262,1.002845,1.000000,1.000000
5510,0.996111,0.998210,1.000000,1.000000
5515,0.998681,0.998089,1.000000,1.000000
5520,1.000104,0.996595,1.000000,1.000000
5525,1.000765,0.999086,1.000000,1.000000
5530,0.984870,0.999387,1.000000,1.000000
5535,1.006337,0.998868,1.000000,1.000000
5540,0.991388,0.997087,1.000000,1.000000
5545,0.993550,1.001399,1.000000,1.000000
5550,0.999292,1.000892,1.000000,1.000000
5555,0.996142,0.999311,1.000000,1.000000
5560,0.998136,0.999659,1.000000,1.000000
5565,1.006952,0.999362,1.000000,1.000000
5570,1.004866,1.000239,1.000000,1.000000
5575,1.001055,0.997730,1.000000,1.000000
5580,1.004382,0.999697,1.000000,1.000000
5585,0.993381,0.999222,1.000000,1.000000
5590,0.997189,0.999578,1.000000,1.000000
5595,1.007237,1.004425,1.000000,1.000000
5600,1.000578,1.000423,1.000000,1.000000
5605,0.991397,1.001275,1.000000,1.000000
5610,1.013946,1.001034,1.000000,1.000000
5615,0.994526,1.002172,1.000000,1.000000
5620,0.995035,0.999049,1.000000,1.000000
5625,0.997962,0.998566,1.000000,1.000000
5630,1.010346,1.000746,1.000000,1.000000
5635,1.002212,1.001203,1.000000,1.000000
5640,1.008802,0.998280,1.000000,1.000000
5645,1.000069,1.000962,1.000000,1.000000
5650,1.018795,1.001817,1.000000,1.000000
5655,0.998964,1.002180,1.000000,1.000000
5660,1.003316,1.000182,1.000000,1.000000
5665,0.998478,0.997919,1.000000,1.000000
5670,0.999978,1.000504,1.000000,1.000000
5675,0.998568,0.998593,1.000000,1.000000
5680,1.001535,0.998913,1.000000,1.000000
5685,1.001417,0.998651,1.000000,1.000000
5690,1.003784,1.001914,1.000000,1.000000
5695,1.007769,1.000056,1.000000,1.000000
5700,1.003879,1.001589,1.000000,1.000000
5705,0.999794,0.999716,1.000000,1.000000
5710,0.997569,0.999927,1.000000,1.000000
5715,0.989343,0.999424,1.000000,1.000000
5720,1.001513,0.997605,1.000000,1.000000
5725,0.992733,0.999206,1.000000,1.000000
5730,0.990933,0.997631,1.000000,1.000000
5735,1.006251,1.001017,1.000000,1.000000
5740,1.012111,1.000320,1.000000,1.000000
5745,1.007225,0.998300,1.000000,1.000000
5750,0.994455,0.999761,1.000000,1.000000
5755,1.001042,0.997618,1.000000,1.000000
5760,1.000347,1.003679,1.000000,1.000000
5765,1.006212,0.999068,1.000000,1.000000
5770,0.999398,0.998819,1.000000,1.000000
5775,1.005059,1.001000,1.000000,1.000000
5780,1.002518,1.001016,1.000000,1.000000
5785,0.998097,1.000628,1.000000,1.000000
5790,0.993571,0.999784,1.000000,1.000000
5795,1.008826,1.000540,1.000000,1.000000
5800,1.002216,1.002167,1.000000,1.000000
5805,1.006641,1.000801,1.000000,1.000000
5810,1.003230,0.999711,1.000000,1.000000
5815,1.003954,1.001450,1.000000,1.000000
5820,1.009137,1.001798,1.000000,1.000000
5825,1.008900,1.000554,1.000000,1.000000
5830,0.997077,0.999233,1.000000,1.000000
5835,1.010767,1.001274,1.000000,1.000000
5840,0.997082,1.000489,1.000000,1.000000
5845,0.992441,1.000863,1.000000,1.000000
5850,0.995938,1.000949,1.000000,1.000000
5855,1.001133,0.998228,1.000000,1.000000
5860,0.993838,1.000044,1.000000,1.000000
5865,0.996328,0.996885,1.000000,1.000000
5870,1.003633,0.999079,1.000000,1.000000
5875,1.000736,1.001183,1.000000,1.000000
5880,1.001656,1.002673,1.000000,1.000000
5885,1.006152,0.999367,1.000000,1.000000
5890,1.004779,1.002900,1.000000,1.000000
5895,1.003341,0.999380,1.000000,1.000000
5900,1.004791,0.999253,1.000000,1.000000
5905,0.996533,1.002579,1.000000,1.000000
5910,0.997864,0.999005,1.000000,1.000000
5915,1.009955,0.998116,1.000000,1.000000
5920,0.996975,1.000780,1.000000,1.000000
5925,0.998992,0.999314,1.000000,1.000000
5930,0.990181,1.001703,1.000000,1.000000
5935,1.004535,0.997523,1.000000,1.000000
5940,0.997624,1.002227,1.000000,1.000000
5945,1.002289,1.002730,1.000000,1.000000
5950,0.987664,0.998607,1.000000,1.000000
5955,0.998417,1.003446,1.000000,1.000000
5960,1.003145,0.999272,1.000000,1.000000
5965,1.008837,0.997447,1.000000,1.000000
5970,0.994341,1.000474,1.000000,1.000000
5975,1.010503,0.999735,1.000000,1.000000
5980,1.002637,0.999877,1.000000,1.000000
5985,1.001857,0.999853,1.000000,1.000000
5990,0.994518,0.997131,1.000000,1.000000
5995,0.997376,0.997986,1.000000,1.000000
6000,0.998066,1.000854,1.000000,1.000000
6005,1.003123,1.000976,1.000000,1.000000
6010,1.005279,1.001520,1.000000,1.000000
6015,1.003976,1.001076,1.000000,1.000000
6020,1.002410,1.002536,1.000000,1.000000
6025,1.004155,1.001088,1.000000,1.000000
6030,1.000544,1.001137,1.000000,1.000000
6035,0.998742,0.998160,1.000000,1.000000
6040,1.008479,1.001712,1.000000,1.000000
6045,0.998704,0.999560,1.000000,1.000000
6050,1.007732,0.997385,1.000000,1.000000
6055,1.000649,0.997129,1.000000,1.000000
6060,0.997048,1.000004,1.000000,1.000000
6065,1.015184,1.001765,1.000000,1.000000
6070,1.005443,1.002202,1.000000,1.000000
6075,0.993843,0.996843,1.000000,1.000000
6080,0.994726,1.002954,1.000000,1.000000
6085,0.999187,0.999354,1.000000,1.000000
6090,0.992333,1.000048,1.000000,1.000000
6095,0.997708,0.998688,1.000000,1.000000
6100,0.998227,0.997809,1.000000,1.000000
6105,0.997740,0.999774,1.000000,1.000000
6110,1.009987,0.999515,1.000000,1.000000
6115,1.000139,0.999762,1.000000,1.000000
6120,0.994982,1.000487,1.000000,1.000000
6125,1.010071,0.997408,1.000000,1.000000
6130,1.004832,0.999904,1.000000,1.000000
6135,0.999263,1.000477,1.000000,1.000000
6140,1.003387,1.001385,1.000000,1.000000
6145,0.983391,0.997953,1.000000,1.000000
6150,1.005479,0.999460,1.000000,1.000000
6155,0.995439,1.001626,1.000000,1.000000
6160,0.994764,0.999028,1.000000,1.000000
6165,0.999848,1.001484,1.000000,1.000000
6170,1.002558,0.998828,1.000000,1.000000
6175,0.994678,1.001436,1.000000,1.000000
6180,1.004658,0.998570,1.000000,1.000000
6185,1.001394,0.999117,1.000000,1.000000
6190,1.000102,1.000436,1.000000,1.000000
6195,1.003648,1.000039,1.000000,1.000000
6200,0.992825,1.001097,1.000000,1.000000
6205,0.994972,0.999096,1.000000,1.000000
6210,0.998845,0.999471,1.000000,1.000000
6215,0.990986,1.000731,1.000000,1.000000
6220,1.004806,0.998820,1.000000,1.000000
6225,0.992091,0.999854,1.000000,1.000000
6230,1.006269,0.997306,1.000000,1.000000
6235,0.999648,0.997972,1.000000,1.000000
6240,0.990557,0.999169,1.000000,1.000000
6245,1.003751,0.999984,1.000000,1.000000
6250,0.986919,1.001173,1.000000,1.000000
6255,0.996405,1.001116,1.000000,1.000000
6260,0.993966,1.000986,1.000000,1.000000
6265,1.002970,0.998329,1.000000,1.000000
6270,0.999362,0.999069,1.000000,1.000000
6275,0.994791,0.997938,1.000000,1.000000
6280,1.001776,0.999485,1.000000,1.000000
6285,0.996969,0.998125,1.000000,1.000000
6290,1.004550,0.998367,1.000000,1.000000
6295,1.006451,1.000390,1.000000,1.000000
6300,1.006513,0.998658,1.000000,1.000000
6305,0.996424,0.998421,1.000000,1.000000
6310,0.994661,0.998374,1.000000,1.000000
6315,1.007651,0.998260,1.000000,1.000000
6320,1.015430,1.000434,1.000000,1.000000
6325,0.996618,1.000310,1.000000,1.000000
6330,1.001305,0.998200,1.000000,1.000000
6335,0.996937,1.001210,1.000000,1.000000
6340,1.000111,0.997420,1.000000,1.000000
6345,0.998086,0.998307,1.000000,1.000000
6350,1.003064,1.001626,1.000000,1.000000
6355,1.006873,1.000973,1.000000,1.000000
6360,0.998057,1.002246,1.000000,1.000000
6365,0.996046,0.999811,1.000000,1.000000
6370,1.001310,1.000325,1.000000,1.000000
6375,0.986955,1.001448,1.000000,1.000000
6380,1.003130,1.001002,1.000000,1.000000
6385,1.001697,1.001381,1.000000,1.000000
6390,0.992270,0.998880,1.000000,1.000000
6395,0.991488,1.000269,1.000000,1.000000
6400,1.001695,0.999853,1.000000,1.000000
6405,1.006108,0.997508,1.000000,1.000000
6410,1.003145,0.998651,1.000000,1.000000
6415,1.008531,1.000087,1.000000,1.000000
6420,0.995081,1.000761,1.000000,1.000000
6425,1.000377,1.001002,1.000000,1.000000
6430,0.997777,1.000940,1.000000,1.000000
6435,0.986134,0.998558,1.000000,1.000000
6440,1.004084,0.998805,1.000000,1.000000
6445,0.995429,0.998058,1.000000,1.000000
6450,1.003567,1.000132,1.000000,1.000000
6455,0.995368,1.001285,1.000000,1.000000
6460,0.991563,1.000029,1.000000,1.000000
6465,1.000087,0.997241,1.000000,1.000000
6470,0.988484,0.998772,1.000000,1.000000
6475,0.995739,1.000003,1.000000,1.000000
6480,0.999932,1.000858,1.000000,1.000000
6485,0.997403,0.998485,1.000000,1.000000
6490,0.991714,1.000377,1.000000,1.000000
6495,0.999043,1.002216,1.000000,1.000000
6500,0.998439,1.001500,1.000000,1.000000
6505,1.004850,1.002059,1.000000,1.000000
6510,0.989060,1.000236,1.000000,1.000000
6515,1.004665,0.999208,1.000000,1.000000
6520,0.991303,1.000730,1.000000,1.000000
6525,0.993328,1.001269,1.000000,1.000000
6530,0.983377,1.002146,1.000000,1.000000
6535,0.992717,1.001140,1.000000,1.000000
6540,1.000073,0.999286,1.000000,1.000000
6545,0.998871,1.000387,1.000000,1.000000
6550,1.002347,0.999459,1.000000,1.000000
6555,1.008508,1.001023,1.000000,1.000000
6560,0.992770,0.997676,1.000000,1.000000
6565,0.997701,0.998887,1.000000,1.000000
6570,1.005995,0.998002,1.000000,1.000000
6575,0.998257,0.998523,1.000000,1.000000
6580,1.002687,0.999295,1.000000,1.000000
6585,1.008573,0.998724,1.000000,1.000000
6590,0.982244,1.000686,1.000000,1.000000
6595,0.996049,0.998241,1.000000,1.000000
6600,1.000339,1.002436,1.000000,1.000000
6605,1.000690,0.998486,1.000000,1.000000
6610,0.993730,1.000728,1.000000,1.000000
6615,0.998754,1.000375,1.000000,1.000000
6620,0.992104,1.001222,1.000000,1.000000
6625,0.998623,1.000966,1.000000,1.000000
6630,0.999387,0.999525,1.000000,1.000000
6635,1.012422,1.001961,1.000000,1.000000
6640,0.992751,1.002337,1.000000,1.000000
6645,0.992088,0.999014,1.000000,1.000000
6650,0.990532,0.996872,1.000000,1.000000
6655,1.003801,0.997429,1.000000,1.000000
6660,0.999757,0.999117,1.000000,1.000000
6665,1.000460,0.999314,1.000000,1.000000
6670,0.997232,0.999810,1.000000,1.000000
6675,0.996244,0.998126,1.000000,1.000000
6680,1.001930,1.001532,1.000000,1.000000
6685,1.001157,0.998866,1.000000,1.000000
6690,0.998218,0.996637,1.000000,1.000000
6695,0.994054,1.000479,1.000000,1.000000
6700,1.000554,1.000749,1.000000,1.000000
6705,0.997413,0.997624,1.000000,1.000000
6710,1.004018,1.001203,1.000000,1.000000
6715,1.004326,0.999988,1.000000,1.000000
6720,1.004162,1.001624,1.000000,1.000000
6725,0.998580,1.001411,1.000000,1.000000
6730,1.003856,1.002352,1.000000,1.000000
6735,0.997473,0.997739,1.000000,1.000000
6740,0.999012,1.001576,1.000000,1.000000
6745,0.996222,1.002357,1.000000,1.000000
6750,1.000850,1.001092,1.000000,1.000000
6755,0.989372,1.000204,1.000000,1.000000
6760,0.996761,1.001181,1.000000,1.000000
6765,1.006945,0.999686,1.000000,1.000000
6770,0.999923,0.999747,1.000000,1.000000
6775,1.006345,1.000770,1.000000,1.000000
6780,1.001964,1.002577,1.000000,1.000000
6785,0.997789,0.997269,1.000000,1.000000
6790,1.006005,1.000366,1.000000,1.000000
6795,0.996558,0.999077,1.000000,1.000000
6800,0.991741,0.999396,1.000000,1.000000
6805,0.998804,0.999859,1.000000,1.000000
6810,1.004925,1.000898,1.000000,1.000000
6815,0.991554,0.998652,1.000000,1.000000
6820,1.008797,1.002560,1.000000,1.000000
6825,0.997116,1.000080,1.000000,1.000000
6830,1.007350,0.998299,1.000000,1.000000
6835,0.998202,1.001664,1.000000,1.000000
6840,1.006643,1.001497,1.000000,1.000000
6845,1.008426,0.998533,1.000000,1.000000
6850,1.004274,0.998157,1.000000,1.000000
6855,0.989740,1.001179,1.000000,1.000000
6860,0.998783,0.997754,1.000000,1.000000
6865,1.000713,0.998366,1.000000,1.000000
6870,1.002983,1.001935,1.000000,1.000000
6875,1.004438,1.001693,1.000000,1.000000
6880,1.011147,0.999010,1.000000,1.000000
6885,0.997644,0.999610,1.000000,1.000000
6890,0.996458,0.999681,1.000000,1.000000
6895,0.998346,0.998155,1.000000,1.000000
6900,1.011062,1.001565,1.000000,1.000000
6905,0.991464,1.000643,1.000000,1.000000
6910,0.998457,0.999116,1.000000,1.000000
6915,1.003571,1.002169,1.000000,1.000000
6920,0.995524,1.000646,1.000000,1.000000
6925,1.002669,1.000487,1.000000,1.000000
6930,1.002357,1.000240,1.000000,1.000000
6935,1.003502,1.000094,1.000000,1.000000
6940,1.000712,0.998726,1.000000,1.000000
6945,0.996940,1.001292,1.000000,1.000000
6950,0.997929,1.000731,1.000000,1.000000
6955,0.992977,0.997883,1.000000,1.000000
6960,0.999954,1.000656,1.000000,1.000000
6965,0.999855,0.999352,1.000000,1.000000
6970,1.006855,0.998440,1.000000,1.000000
6975,0.992052,1.001887,1.000000,1.000000
6980,0.987699,1.001357,1.000000,1.000000
6985,1.003121,0.999624,1.000000,1.000000
6990,0.997410,0.999068,1.000000,1.000000
6995,0.989961,0.997883,1.000000,1.000000
7000,0.998984,1.000724,1.000000,1.000000
7005,0.989775,0.998166,1.000000,1.000000
7010,0.988842,0.997115,1.000000,1.000000
7015,1.001882,1.000961,1.000000,1.000000
7020,0.996504,1.002163,1.000000,1.000000
7025,0.996647,1.002294,1.000000,1.000000
7030,0.997844,1.000854,1.000000,1.000000
7035,0.988830,1.001159,1.000000,1.000000
7040,0.992316,0.998601,1.000000,1.000000
7045,0.988179,1.000144,1.000000,1.000000
7050,1.000992,0.998940,1.000000,1.000000
7055,1.001845,0.999977,1.000000,1.000000
7060,0.995674,1.001097,1.000000,1.000000
7065,1.000578,1.000653,1.000000,1.000000
7070,0.996130,0.999212,1.000000,1.000000
7075,1.001066,1.000756,1.000000,1.000000
7080,0.988315,0.999886,1.000000,1.000000
7085,1.009814,0.998053,1.000000,1.000000
7090,0.980832,1.001420,1.000000,1.000000
7095,1.001969,0.997978,1.000000,1.000000
7100,1.000549,1.002163,1.000000,1.000000
7105,0.996482,0.997772,1.000000,1.000000
7110,1.002301,0.998061,1.000000,1.000000
7115,0.997844,1.002133,1.000000,1.000000
7120,0.992917,0.998537,1.000000,1.000000
7125,1.007476,0.999955,1.000000,1.000000
7130,0.992035,0.996803,1.000000,1.000000
7135,1.003341,1.000042,1.000000,1.000000
7140,0.988967,1.000116,1.000000,1.000000
7145,0.998663,0.998671,1.000000,1.000000
7150,1.000090,1.000965,1.000000,1.000000
7155,1.001439,0.999555,1.000000,1.000000
7160,1.014559,1.000173,1.000000,1.000000
7165,1.002017,0.998621,1.000000,1.000000
7170,0.995033,0.998892,1.000000,1.000000
7175,1.006189,0.999851,1.000000,1.000000
7180,0.993646,1.000467,1.000000,1.000000
7185,1.007461,0.999141,1.000000,1.000000
7190,1.000231,0.999659,1.000000,1.000000
7195,1.006285,1.000828,1.000000,1.000000
7200,0.988470,0.998477,1.000000,1.000000
7205,1.003535,0.999851,1.000000,1.000000
7210,1.003825,1.000792,1.000000,1.000000
7215,0.997744,0.999604,1.000000,1.000000
7220,0.995734,0.997885,1.000000,1.000000
7225,1.002371,0.999505,1.000000,1.000000
7230,0.992987,0.999848,1.000000,1.000000
7235,0.988920,1.003001,1.000000,1.000000
7240,1.015271,1.000637,1.000000,1.000000
7245,1.004239,0.994508,1.000000,1.000000
7250,1.005884,0.997336,1.000000,1.000000
7255,0.998280,1.000132,1.000000,1.000000
7260,0.990849,0.998586,1.000000,1.000000
7265,1.007581,0.999130,1.000000,1.000000
7270,0.996773,1.000451,1.000000,1.000000
7275,1.000730,1.000474,1.000000,1.000000
7280,1.000666,1.000306,1.000000,1.000000
7285,1.000452,1.000236,1.000000,1.000000
7290,1.008227,1.001307,1.000000,1.000000
7295,1.002613,1.001240,1.000000,1.000000
7300,0.987797,1.000143,1.000000,1.000000
7305,1.004055,0.998346,1.000000,1.000000
7310,0.988298,1.001803,1.000000,1.000000
7315,0.992536,0.999988,1.000000,1.000000
7320,1.002493,1.000385,1.000000,1.000000
7325,1.003545,1.001043,1.000000,1.000000
7330,0.997398,0.999957,1.000000,1.000000
7335,0.995317,1.001819,1.000000,1.000000
7340,0.999907,0.999781,1.000000,1.000000
7345,0.996602,1.000801,1.000000,1.000000
7350,1.001474,1.001209,1.000000,1.000000
7355,1.001855,1.000718,1.000000,1.000000
7360,0.988428,0.999369,1.000000,1.000000
7365,1.002307,1.001167,1.000000,1.000000
7370,0.997969,0.999049,1.000000,1.000000
7375,1.003893,0.998443,1.000000,1.000000
7380,0.997835,0.999410,1.000000,1.000000
7385,0.999039,1.001623,1.000000,1.000000
7390,0.987303,0.998147,1.000000,1.000000
7395,1.006213,0.999750,1.000000,1.000000
7400,0.999138,1.001009,1.000000,1.000000
7405,0.985770,1.002795,1.000000,1.000000
7410,1.011121,0.999745,1.000000,1.000000
7415,1.000649,1.001088,1.000000,1.000000
7420,1.006146,1.000940,1.000000,1.000000
7425,0.994665,1.003686,1.000000,1.000000
7430,1.005951,1.000439,1.000000,1.000000
7435,1.001111,1.002168,1.000000,1.000000
7440,0.997003,0.998640,1.000000,1.000000
7445,1.000089,1.003506,1.000000,1.000000
7450,0.997623,0.996431,1.000000,1.000000
7455,1.001230,0.998181,1.000000,1.000000
7460,0.991316,0.998480,1.000000,1.000000
7465,0.998331,0.998024,1.000000,1.000000
7470,0.999278,0.999660,1.000000,1.000000
7475,0.985373,1.002375,1.000000,1.000000
7480,0.998834,1.000080,1.000000,1.000000
7485,1.003132,0.999101,1.000000,1.000000
7490,0.993514,0.997842,1.000000,1.000000
7495,0.997156,0.997560,1.000000,1.000000
7500,1.000096,0.998932,1.000000,1.000000
7505,1.008983,0.999248,1.000000,1.000000
7510,1.001223,1.000986,1.000000,1.000000
7515,0.990671,0.998064,1.000000,1.000000
7520,0.999772,1.002338,1.000000,1.000000
7525,0.997431,1.000266,1.000000,1.000000
7530,0.997444,0.998310,1.000000,1.000000
7535,0.992599,0.999829,1.000000,1.000000
7540,0.995182,0.997944,1.000000,1.000000
7545,1.003370,0.998823,1.000000,1.000000
7550,0.993160,1.000043,1.000000,1.000000
7555,0.996212,0.997294,1.000000,1.000000
7560,1.000881,0.998720,1.000000,1.000000
7565,0.997198,0.998674,1.000000,1.000000
7570,0.991313,0.997335,1.000000,1.000000
7575,1.001703,1.001154,1.000000,1.000000
7580,0.993998,0.999496,1.000000,1.000000
7585,0.998538,0.999751,1.000000,1.000000
7590,0.999806,0.998979,1.000000,1.000000
7595,0.997602,1.000333,1.000000,1.000000
7600,0.995265,1.001578,1.000000,1.000000
7605,1.000519,0.999373,1.000000,1.000000
7610,0.999465,0.997517,1.000000,1.000000
7615,1.002882,0.999574,1.000000,1.000000
7620,1.002566,1.000798,1.000000,1.000000
7625,0.991230,0.996802,1.000000,1.000000
7630,1.009835,1.000602,1.000000,1.000000
7635,1.010152,0.999909,1.000000,1.000000
7640,0.990170,0.999878,1.000000,1.000000
7645,0.995274,1.000847,1.000000,1.000000
7650,1.005418,1.000599,1.000000,1.000000
7655,1.005475,1.000065,1.000000,1.000000
7660,1.001794,0.996938,1.000000,1.000000
7665,0.997858,1.001606,1.000000,1.000000
7670,0.998345,0.999999,1.000000,1.000000
7675,0.995846,0.999976,1.000000,1.000000
7680,0.995387,0.999529,1.000000,1.000000
7685,1.002952,0.999404,1.000000,1.000000
7690,1.003410,1.000663,1.000000,1.000000
7695,1.000557,1.001253,1.000000,1.000000
7700,1.004153,0.997016,1.000000,1.000000
7705,1.002472,0.999718,1.000000,1.000000
7710,0.991428,1.001174,1.000000,1.000000
7715,1.006110,0.999316,1.000000,1.000000
7720,1.008915,1.001354,1.000000,1.000000
7725,1.005310,1.000386,1.000000,1.000000
7730,0.996457,1.000782,1.000000,1.000000
7735,1.000559,0.997993,1.000000,1.000000
7740,1.001233,0.999423,1.000000,1.000000
7745,0.996111,0.998926,1.000000,1.000000
7750,0.996999,0.997554,1.000000,1.000000
7755,0.990392,1.001703,1.000000,1.000000
7760,0.999151,0.999789,1.000000,1.000000
7765,0.989728,1.000381,1.000000,1.000000
7770,0.996996,0.999866,1.000000,1.000000
7775,0.998602,1.001660,1.000000,1.000000
7780,1.002029,0.999244,1.000000,1.000000
7785,1.003992,0.999259,1.000000,1.000000
7790,0.992666,1.000852,1.000000,1.000000
7795,0.991918,0.998592,1.000000,1.000000
7800,0.993297,0.999102,1.000000,1.000000
7805,1.004710,1.000654,1.000000,1.000000
7810,0.996513,0.998876,1.000000,1.000000
7815,0.994653,1.002308,1.000000,1.000000
7820,0.993086,1.002002,1.000000,1.000000
7825,0.994790,0.999700,1.000000,1.000000
7830,0.993132,1.000547,1.000000,1.000000
7835,0.998063,0.998363,1.000000,1.000000
7840,1.005592,0.998279,1.000000,1.000000
7845,0.998623,0.999238,1.000000,1.000000
7850,1.000847,1.002111,1.000000,1.000000
7855,1.015527,1.000051,1.000000,1.000000
7860,0.998422,1.000767,1.000000,1.000000
7865,1.004191,1.000344,1.000000,1.000000
7870,0.998286,1.001777,1.000000,1.000000
7875,1.000490,1.000709,1.000000,1.000000
7880,0.990504,0.998611,1.000000,1.000000
7885,1.003425,1.000073,1.000000,1.000000
7890,1.003476,1.000088,1.000000,1.000000
7895,1.006755,0.999169,1.000000,1.000000
7900,1.008500,1.001969,1.000000,1.000000
7905,0.994390,0.998771,1.000000,1.000000
7910,0.997809,1.002010,1.000000,1.000000
7915,1.004388,0.998705,1.000000,1.000000
7920,1.004924,0.997046,1.000000,1.000000
7925,0.998377,1.001466,1.000000,1.000000
7930,0.996793,1.001105,1.000000,1.000000
7935,1.005241,0.999560,1.000000,1.000000
7940,0.992956,1.003765,1.000000,1.000000
7945,0.997095,1.000494,1.000000,1.000000
7950,1.002223,0.998945,1.000000,1.000000
7955,1.001729,1.000816,1.000000,1.000000
7960,0.996352,0.998731,1.000000,1.000000
7965,0.997207,0.999321,1.000000,1.000000
7970,1.008579,0.999766,1.000000,1.000000
7975,0.993376,0.998831,1.000000,1.000000
7980,1.000919,1.000386,1.000000,1.000000
7985,0.998328,0.999242,1.000000,1.000000
7990,1.000759,0.999915,1.000000,1.000000
7995,1.000409,1.000539,1.000000,1.000000
